Workbook

Sheet Veri
A1: G.Tarih | B1: ADLİYE | C1: Dosya No | D1: Sonuç | E1: T.Tarihi | F1: Ö.Tarihi | G1: Ödeme | H1: Kazanıldı? | I1: Kaybedildi?
A2: 43311 | B2: EDREMİT | C2: 2018/692 | D2: OLUMSUZ | F2: 43392 | G2: 95.82 | H2: =IF(D2="OLUMLU",1,0) -> 0 | I2: =IF(D2="OLUMSUZ",1,0) -> 1
A3: 43367 | B3: EDREMİT | C3: 2018/847 | D3: OLUMLU | F3: 43419 | G3: 287.48 | H3: =IF(D3="OLUMLU",1,0) -> 1 | I3: =IF(D3="OLUMSUZ",1,0) -> 0
A4: 43392 | B4: EDREMİT | C4: 2018/1061 | D4: OLUMLU | F4: 43419 | G4: 287.48 | H4: =IF(D4="OLUMLU",1,0) -> 1 | I4: =IF(D4="OLUMSUZ",1,0) -> 0
A5: 43392 | B5: AYVALIK | C5: 2018/493 | D5: OLUMLU | F5: 43430 | G5: 287.48 | H5: =IF(D5="OLUMLU",1,0) -> 1 | I5: =IF(D5="OLUMSUZ",1,0) -> 0
A6: 43392 | B6: AYVALIK | C6: 2018/514 | D6: OLUMLU | F6: 43425 | G6: 287.48 | H6: =IF(D6="OLUMLU",1,0) -> 1 | I6: =IF(D6="OLUMSUZ",1,0) -> 0
A7: 43397 | B7: EDREMİT | C7: 2018/1221 | D7: OLUMSUZ | F7: 43459 | G7: 115.99 | H7: =IF(D7="OLUMLU",1,0) -> 0 | I7: =IF(D7="OLUMSUZ",1,0) -> 1
A8: 43399 | B8: BURHANİYE | C8: 2018/470 | D8: OLUMSUZ | F8: 43460 | G8: 95.82 | H8: =IF(D8="OLUMLU",1,0) -> 0 | I8: =IF(D8="OLUMSUZ",1,0) -> 1
A9: 43409 | B9: AYVALIK | C9: 2018/515 | D9: OLUMSUZ | F9: 43461 | G9: 143.73 | H9: =IF(D9="OLUMLU",1,0) -> 0 | I9: =IF(D9="OLUMSUZ",1,0) -> 1
A10: 43416 | B10: EDREMİT | C10: 2018/1364 | D10: OLUMSUZ | F10: 43431 | G10: 95.82 | H10: =IF(D10="OLUMLU",1,0) -> 0 | I10: =IF(D10="OLUMSUZ",1,0) -> 1
A11: 43416 | B11: EDREMİT | C11: 2018/1391 | D11: OLUMLU | F11: 43432 | G11: 287.48 | H11: =IF(D11="OLUMLU",1,0) -> 1 | I11: =IF(D11="OLUMSUZ",1,0) -> 0
A12: 43467 | B12: BURHANİYE | C12: 2018/604 | D12: OLUMLU | F12: 43433 | G12: 332.85 | H12: =IF(D12="OLUMLU",1,0) -> 1 | I12: =IF(D12="OLUMSUZ",1,0) -> 0
A13: 43468 | B13: AYVALIK | C13: 2018/652 | D13: OLUMLU | F13: 43434 | G13: 332.85 | H13: =IF(D13="OLUMLU",1,0) -> 1 | I13: =IF(D13="OLUMSUZ",1,0) -> 0
... A198: 45937 | B198: EDREMİT | C198: 2025/986 | D198: OLUMSUZ | F198: 45697 | G198: 1100 | H198: =IF(D198="OLUMLU",1,0) -> 0 | I198: =IF(D198="OLUMSUZ",1,0) -> 1
A199: 46007 | B199: EDREMİT | C199: 2025/1301 | D199: OLUMLU | E199: 46048 | F199: 46066 | G199: 4300 | H199: =IF(D199="OLUMLU",1,0) -> 1 | I199: =IF(D199="OLUMSUZ",1,0) -> 0
A200: 46020 | B200: EDREMİT | C200: 2025/1357 | H200: =IF(D200="OLUMLU",1,0) -> 0 | I200: =IF(D200="OLUMSUZ",1,0) -> 0
A201: 46038 | B201: EDREMİT | C201: 2026/14 | H201: =IF(D201="OLUMLU",1,0) -> 0 | I201: =IF(D201="OLUMSUZ",1,0) -> 0
A202: 46050 | B202: EDREMİT | C202: 2026/97 | H202: =IF(D202="OLUMLU",1,0) -> 0 | I202: =IF(D202="OLUMSUZ",1,0) -> 0
A203: 46061 | B203: BURHANİYE | C203: 2026/83 | H203: =IF(D203="OLUMLU",1,0) -> 0 | I203: =IF(D203="OLUMSUZ",1,0) -> 0
A204: 46070 | B204: EDREMİT | C204: 2026/187 | H204: =IF(D204="OLUMLU",1,0) -> 0 | I204: =IF(D204="OLUMSUZ",1,0) -> 0
H205: =IF(D205="OLUMLU",1,0) -> 0 | I205: =IF(D205="OLUMSUZ",1,0) -> 0
H206: =IF(D206="OLUMLU",1,0) -> 0 | I206: =IF(D206="OLUMSUZ",1,0) -> 0
H207: =IF(D207="OLUMLU",1,0) -> 0 | I207: =IF(D207="OLUMSUZ",1,0) -> 0
H208: =IF(D208="OLUMLU",1,0) -> 0 | I208: =IF(D208="OLUMSUZ",1,0) -> 0
H209: =IF(D209="OLUMLU",1,0) -> 0 | I209: =IF(D209="OLUMSUZ",1,0) -> 0
H210: =IF(D210="OLUMLU",1,0) -> 0 | I210: =IF(D210="OLUMSUZ",1,0) -> 0
H211: =IF(D211="OLUMLU",1,0) -> 0 | I211: =IF(D211="OLUMSUZ",1,0) -> 0
H212: =IF(D212="OLUMLU",1,0) -> 0 | I212: =IF(D212="OLUMSUZ",1,0) -> 0
H213: =IF(D213="OLUMLU",1,0) -> 0 | I213: =IF(D213="OLUMSUZ",1,0) -> 0
H214: =IF(D214="OLUMLU",1,0) -> 0 | I214: =IF(D214="OLUMSUZ",1,0) -> 0
H215: =IF(D215="OLUMLU",1,0) -> 0 | I215: =IF(D215="OLUMSUZ",1,0) -> 0
H216: =IF(D216="OLUMLU",1,0) -> 0 | I216: =IF(D216="OLUMSUZ",1,0) -> 0
... H276: =IF(D276="OLUMLU",1,0) -> 0 | I276: =IF(D276="OLUMSUZ",1,0) -> 0

Sheet Filtreli Rapor
A1: VERİLER RAPORU
A2: Bu rapor Veri sayfasındaki FİLTRELENMİŞ (görünen) satırları kullanır
A4: 1. GÖRÜNEN SATIRLARIN ÖDEME TOPLAMI
A5: Açıklama | B5: Toplam Ödeme
A6: Ödeme Toplamı | B6: =SUBTOTAL(109,Veri!G:G) -> 135857.98
A9: 2. GÖRÜNEN SATIRLARIN SONUÇ SAYILARI
A10: Açıklama | B10: Satır Sayısı
A11: Gelen Dosya Sayısı | B11: =SUBTOTAL(103,Veri!A2:A1000) -> 203
A14: 3. GÖRÜNEN SATIRLARIN SONUÇ DAĞILIMI
A15: Sonuç | B15: Sayı
A16: Olumlu | B16: =SUBTOTAL(109,Veri!H:H) -> 90
A17: Olumsuz | B17: =SUBTOTAL(109,Veri!I:I) -> 108
A18: Toplam Görünen | B18: =B16+B17 -> 198
A21: KULLANIM TALİMATI:
A22: 1. Veri sayfasına gidin
A23: 2. Sütun başlıklarındaki filtre butonlarını kullanarak istediğiniz tarihleri/adliyeleri/sonuçları seçin
A24: 3. Bu sayfaya dönün - tüm rakamlar otomatik güncellenecektir
A25: 4. Filtreyi kaldırınca tüm verilerin toplamını görürsünüz

Sheet Tüm Veriler Raporu
A1: TÜM VERİLER RAPORU (FİLTRESİZ)
A3: 1. ADLİYE BAZINDA TOPLAM ÖDEMELER
A4: Adliye | B4: Toplam Ödeme
A5: BURHANİYE | B5: =SUMIF(Veri!B:B,A5,Veri!G:G) -> 24764.22
A6: AYVALIK | B6: =SUMIF(Veri!B:B,A6,Veri!G:G) -> 44981.59
A7: EDREMİT | B7: =SUMIF(Veri!B:B,A7,Veri!G:G) -> 66112.17
A8: GENEL TOPLAM | B8: =SUM(B5:B7) -> 135857.98
A11: 2. ÖDEME TARİHİ BAZINDA TOPLAM (YIL)
A12: Yıl | B12: Toplam Ödeme
A13: 2018 | B13: =SUMIFS(Veri!G:G,Veri!F:F,">="&DATE(2015,1,1),Veri!F:F,"<="&DATE(2018,12,31)) -> 2650.28
A14: 2019 | B14: =SUMIFS(Veri!G:G,Veri!F:F,">="&DATE(2019,1,1),Veri!F:F,"<="&DATE(2019,12,31)) -> 4835.6
A15: 2020 | B15: =SUMIFS(Veri!G:G,Veri!F:F,">="&DATE(2020,1,1),Veri!F:F,"<="&DATE(2020,12,31)) -> 6669.1
A16: 2021 | B16: =SUMIFS(Veri!G:G,Veri!F:F,">="&DATE(2021,1,1),Veri!F:F,"<="&DATE(2021,12,31)) -> 9293
A17: 2022 | B17: =SUMIFS(Veri!G:G,Veri!F:F,">="&DATE(2022,1,1),Veri!F:F,"<="&DATE(2022,12,31)) -> 8098
A18: 2023 | B18: =SUMIFS(Veri!G:G,Veri!F:F,">="&DATE(2023,1,1),Veri!F:F,"<="&DATE(2023,12,31)) -> 18050
A19: 2024 | B19: =SUMIFS(Veri!G:G,Veri!F:F,">="&DATE(2024,1,1),Veri!F:F,"<="&DATE(2024,12,31)) -> 28652
A20: 2025 | B20: =SUMIFS(Veri!G:G,Veri!F:F,">="&DATE(2025,1,1),Veri!F:F,"<="&DATE(2025,12,31)) -> 53310
A21: 2026 | B21: =SUMIFS(Veri!G:G,Veri!F:F,">="&DATE(2026,1,1),Veri!F:F,"<="&DATE(2026,12,31)) -> 4300
A25: 4. ADLİYE BAZINDA SONUÇ SAYILARI
A26: Adliye | B26: Kazanıldı | C26: Kaybedildi | D26: Toplam
A27: AYVALIK | B27: =COUNTIFS(Veri!B:B,A27,Veri!D:D,"OLUMLU") -> 23 | C27: =COUNTIFS(Veri!B:B,A27,Veri!D:D,"OLUMSUZ") -> 32 | D27: =B27+C27 -> 55
A28: EDREMİT | B28: =COUNTIFS(Veri!B:B,A28,Veri!D:D,"OLUMLU") -> 43 | C28: =COUNTIFS(Veri!B:B,A28,Veri!D:D,"OLUMSUZ") -> 51 | D28: =B28+C28 -> 94
A29: BURHANİYE | B29: =COUNTIFS(Veri!B:B,A29,Veri!D:D,"OLUMLU") -> 24 | C29: =COUNTIFS(Veri!B:B,A29,Veri!D:D,"OLUMSUZ") -> 25 | D29: =B29+C29 -> 49
A30: GENEL TOPLAM | B30: =SUM(B27:B28) -> 66 | C30: =SUM(C27:C28) -> 83 | D30: =SUM(D27:D29) -> 198
